gene_id,baseMean,log2FoldChange,lfcSE,stat,pvalue,padj,chrom,start,end,up_down
TNFAIP8,1548.0770517535,-0.934643837903863,0.0704732866943666,-13.2623846814083,3.8253506043366195e-40,1.75255336302057e-38,chr5,119393379,119393381,down
C1orf116,17957.7833363783,-1.27106486802823,0.0177987262991789,-71.4132487158287,0.0,0.0,chr1,207021958,207021960,down
TRPM8,390.910302440628,-1.68488145039274,0.141760323529003,-11.8854232866365,1.4091936893739901e-32,5.338009950167799e-31,chr2,234014610,234014612,down
PRH1,268.231988177015,-0.724087059033876,0.181707704511052,-3.9849001503942,6.75085065391531e-05,0.0003676823081917,chr12_KI270904v1_alt,80941,80943,down
RNF138P1,2228.37595095508,-1.115772878819,0.055909107266481,-19.956907440873,1.30545151382751e-88,1.59488540351485e-86,chr5,55528842,55534542,down
SLC2A12,15032.471239598,-0.806850939407034,0.019215947564619,-41.9886105899161,0.0,0.0,chr6,133991155,133991157,down
C6orf201,164.478441266158,-0.784492230526464,0.214348251916083,-3.65989563018966,0.0002523179979209,0.0012325952340797,chr6,4130485,4130765,down
USP43,2487.4756964483,-1.26854997905262,0.0534869384447023,-23.7170048602448,2.40761867215756e-124,4.5346828907123197e-122,chr17,9728988,9728990,down
RPS16P5,312.623325847854,-0.949360995679912,0.176778917269105,-5.37032928103486,7.85930040628296e-08,6.66541418446549e-07,chr6,53334460,53337617,down
FAM173A,387.945840394737,-0.535570587899553,0.139045913568236,-3.8517535262676,0.0001172750297738,0.0006116794918318,chr16,722555,722557,down
DEGS1,9005.91170207491,-0.714610647565928,0.0248427860737173,-28.7653182475358,5.82729716889779e-182,1.58047953814846e-179,chr1,224192476,224192478,down
RNVU1-18,188.919594060877,0.677108098092687,0.196798099952147,3.44062314756763,0.0005803762610317,0.002615647216966,chr1_KI270713v1_random,21861,22024,up
TNS3,86.0651539734813,-1.15769105788601,0.308804567616407,-3.74894408726519,0.0001775806669799,0.0008945659082149,chr7,47278076,47278078,down
PTGER4,306.770548055135,-1.25292267352456,0.156184773214116,-8.0220539284384,1.0399146414655e-15,1.81730443980845e-14,chr5,40692376,40692378,down
MBOAT2,12098.2009157278,-0.689411191201271,0.0216685556072375,-31.8162042591802,3.86403271624349e-222,1.27805238207263e-219,chr2,8858679,8858681,down
GLTPD2,240.553385178894,-0.537371388276501,0.174415615813132,-3.08098208850885,0.0020631905964294,0.0081738030026819,chr17,4790294,4790296,down
NT5DC3,1952.91162502572,-0.560273555048434,0.0596305869793379,-9.395741068968,5.68164356574181e-21,1.37097452660186e-19,chr12,103777829,103777831,down
NKX3-1,41096.5789183051,-2.27329723320823,0.0127620117631025,-178.130006099883,0.0,0.0,chr8,23682904,23682921,down
FAR2P1,301.961862923203,-0.760223046000503,0.155194512861543,-4.89851755698822,9.65624118614026e-07,7.12449873369141e-06,chr2,130049816,130051131,down
ZFP2,436.499836249553,0.648569343088281,0.127173430925722,5.09988083491348,3.39867386624486e-07,2.65034021277438e-06,chr5,178932697,178932699,up
DNAJB4,4103.98394704543,0.545159294767374,0.0384256351544333,14.1873853893727,1.09672077175973e-45,5.949052154333461e-44,chr1,78016245,78016247,up
ADRB2,1528.55511928197,-0.724780534281885,0.0672654499455205,-10.7749302928754,4.5212445402292e-27,1.39664230546807e-25,chr5,148828071,148828073,down
SNORA24,509.663366152697,0.537653414710406,0.116792605599446,4.60348848243314,4.15472183613263e-06,2.82134115271881e-05,chr4,118279190,118279320,up
ZNF385B,102.142837379152,-0.744035776558077,0.280027302504972,-2.65701154816812,0.0078836742409494,0.0261650774306206,chr2,179443250,179443252,down
LOC101927482,164.295162203855,-1.43077329319217,0.221318819330929,-6.46476109676328,1.01458972372327e-10,1.19330886759854e-09,chr2,196263051,196264204,down
IGFBP3,362.868958792398,-0.586573864115549,0.14453941473331,-4.05822775191,4.94465332979997e-05,0.0002766272434216,chr7,45914820,45914822,down
PDE9A,1713.27817134823,-0.598926536664373,0.0636870856381678,-9.40420700151232,5.2424014783532804e-21,1.26724075664793e-19,chr21,42775291,42775293,down
FFAR2,338.376764997054,0.514569877661436,0.146389483772512,3.51507406407058,0.0004396313607093,0.0020396308185356,chr19,35450705,35450707,up
FAM110B,156.367246357527,-1.67819917143364,0.23284567620412,-7.20734522019846,5.70532316849335e-13,8.13563485677585e-12,chr8,58147341,58147343,down
SH3D21,190.111050056443,-1.01864132475406,0.201418664992659,-5.05733331511847,4.25159759631418e-07,3.25371980833051e-06,chr1,36321125,36321127,down
C1orf233,348.725747841201,-0.508025453648967,0.144882300332132,-3.50647009665332,0.0004540924563454,0.0020988233812203,chr1,1599335,1599337,down
RNVU1-6,180.273461349953,0.786781700330509,0.203614660625044,3.86407195786047,0.0001115123478035,0.0005847714418265,chr1,146052081,146052244,up
SNX15,550.406954794752,12.596930624488,1.44622111961023,8.71023832640681,3.03236559958481e-18,6.35578205501848e-17,chr11,65039790,65039792,up
HERC5,694.819043432,-0.52950961473505,0.0998149206932512,-5.3049144462312,1.12725852574272e-07,9.33257195823991e-07,chr4,88505876,88505878,down
LRIG1,11661.664880087,-0.726004517739862,0.0216875847248204,-33.475581857162,1.0925991887354702e-245,4.23335359955477e-243,chr3,66380263,66380265,down
RNU1-3,207.591058230848,0.562649912810939,0.186914942235377,3.01019226222379,0.0026108236699533,0.0100812584818445,chr1_KI270713v1_random,21861,22024,up
RNVU1-7,3300.12306675607,0.931785448020046,0.0438532519578806,21.24780732145,3.45424324159377e-100,5.20477695547258e-98,chr1,148038753,148038916,up
SLC36A1,762.167771862236,-0.620087389346254,0.0946440343879125,-6.55178525890744,5.6853258730545596e-11,6.85321814795493e-10,chr5,151469252,151469254,down
FHDC1,633.394701353079,-0.666482487174724,0.108385988999649,-6.14915722342008,7.78957348011112e-10,8.18871364060364e-09,chr4,152976721,152976723,down
BMP6,1232.26324120446,-0.627030764258436,0.0742842080792312,-8.44096989752717,3.14715198478667e-17,6.15851775839713e-16,chr6,7880341,7880343,down
LIMS3L,102.193999005746,2.99766801712965,0.343017473301187,8.73911170845091,2.34950461788804e-18,4.97838001924684e-17,chr2,110472597,110473075,up
PBOV1,328.627266380403,-0.631127011381254,0.147144667108655,-4.28915993887305,1.79350189183007e-05,0.0001086274191831,chr6,138217988,138217990,down
SNORA49,958.702339336637,0.849259221472776,0.0846451453719227,10.0331710429607,1.08959918779589e-23,2.93175686224208e-22,chr12,132031224,132031360,up
TMPRSS2,29081.9715608844,-2.48867180721505,0.015439142238067,-161.192362168861,0.0,0.0,chr21,41466142,41466144,down
AMIGO2,688.396578427223,0.576199893292068,0.102741086268929,5.60827137630064,2.0435741967062e-08,1.85618952990842e-07,chr12,47077434,47077436,up
WTH3DI,1536.24345367128,-0.501299527125951,0.0655689497415605,-7.64537984978894,2.0832940350757802e-14,3.31980615859726e-13,chr2,131362956,131362958,down
OPRK1,6778.96145918235,0.583509258040936,0.0289793355764915,20.1353566751298,3.61699661479965e-90,4.5000083571833e-88,chr8,53229297,53229299,up
HIVEP1,11827.7431952631,-0.563054633277925,0.0209766370224277,-26.841987715949,1.04618534594045e-158,2.40463041971159e-156,chr6,12164459,12164461,down
RHOU,6148.24071718607,-1.38671258809063,0.0321414813715276,-43.1440160477183,0.0,0.0,chr1,228743738,228743740,down
KCNK5,335.949971914059,0.617821859116766,0.148457219134006,4.16161546552401,3.16004147512767e-05,0.0001831338565991,chr6,39190890,39190892,up
MAB21L3,152.898584383232,0.710092929921168,0.226143534796107,3.14000986391847,0.0016894214619027,0.0068347984620714,chr1,116133363,116133365,up
DOCK4-AS1,94.2357845717723,-1.04807419748601,0.291870967603727,-3.59088197805608,0.0003295608537106,0.0015703354663281,chr7,111819378,111821779,down
LOC440300,413.007298270763,-0.538173959439872,0.130325663852254,-4.12945496329857,3.63624219994149e-05,0.0002084153866162,chr15,84203104,84209273,down
RNU1-28P,192.405634568056,0.650682375107619,0.194617006345257,3.34339936332843,0.0008275870514597,0.0036074921262762,chr1_KI270713v1_random,21861,22024,up
ABCA1,4963.19120247183,0.557235370153779,0.034647568376882,16.0829575135664,3.35950383088424e-58,2.33631956157032e-56,chr9,104784315,104784317,up
ENDOD1,55642.9293060097,-0.798414122988794,0.009669272715856,-82.5723036728006,0.0,0.0,chr11,95129577,95129579,down
CHURC1-FNTB,3460.41581168246,0.81299974504649,0.225227324795152,3.60968521819423,0.0003065688072995,0.001470077650562,chr14,65061310,65061312,up
TNFSF15,2322.26107258791,0.736827191285353,0.0533593190512953,13.8087817533246,2.25614783898886e-43,1.13317114238992e-41,chr9,114790452,114790454,up
CENPN,5085.82531576936,-0.848925221357012,0.0356687857664012,-23.8002276532965,3.32169201925344e-125,6.34443175677407e-123,chr16,81028649,81028651,down
LPAR3,6753.43611405277,-0.581722513557908,0.0288417456915393,-20.1694626871548,1.8160095151846e-90,2.28026898476096e-88,chr1,84813846,84813848,down
SPSB1,202.765044136531,-0.572606411810238,0.198954139115162,-2.8780824282263,0.0040010058072656,0.0145971589325609,chr1,9367573,9367575,down
LOC101927078,145.867327658617,-1.22503885011366,0.235120234762232,-5.21026551097353,1.88570574248804e-07,1.51672927484462e-06,chr5,114773335,114773413,down
FAM105A,1529.9873085866,-1.10863254268077,0.0690762343089817,-16.0494061926103,5.7713577322495104e-58,3.97286204096628e-56,chr5,14610312,14610314,down
PCA3,489.460152643824,-0.625705653585471,0.119632771446303,-5.23021949605436,1.69308894012507e-07,1.36992715495442e-06,chr9,76784116,76787569,down
SYNJ1,2856.49029489621,-0.735201087891871,0.0502168709304611,-14.6405196952625,1.5487984757594798e-48,8.78797327605617e-47,chr21,32634864,32634866,down
ALDH1A3,10202.4554281448,-0.503309307206401,0.0229575494390674,-21.9234770044711,1.5514323455571e-106,2.39079250432953e-104,chr15,100914771,100914773,down
FRK,3154.08249670589,-0.606937194791172,0.0453586964824023,-13.3808341477944,7.82640757479249e-41,3.71097598327836e-39,chr6,115942414,115942416,down
NUDT4P1,642.776967863361,-5.04800123231341,2.03705207031165,-2.47809140761979,0.0132087301072,0.0406821687448873,chr1,148748600,148752397,down
MAK,290.468258649011,-0.626210794131268,0.156836402047224,-3.99276434524885,6.53074639341779e-05,0.0003571147398622,chr6,10764452,10764454,down
MAFB,1539.24354933026,-0.785112390895779,0.0667483830168216,-11.7622683188883,6.10711812035395e-32,2.2752370557725298e-30,chr20,40687879,40687881,down
PRR15L,3165.24844846144,-0.587788909425242,0.0445119680208571,-13.2051880777282,8.18949122650913e-40,3.72676813834531e-38,chr17,47952923,47952925,down
EIF3CL,1674.1821900161,3.04971066378966,1.13862941501972,2.67840495209483,0.0073973723733257,0.0247144042263293,chr16,28735511,28735513,up
FAM13A-AS1,279.663863625326,-0.592650380972837,0.167550354851847,-3.53714787113926,0.0004044731401662,0.0018940125185753,chr4,88727835,88730103,down
SLC30A10,900.819097927012,0.523529802382246,0.0873294409532574,5.99488324518718,2.03631690348103e-09,2.05771188734026e-08,chr1,219915449,219915451,up
MIMT1,141.574572305248,0.682812570874373,0.233827172283577,2.92015921077932,0.00349852602272,0.0130089145582964,chr19,56847952,56848554,up
ERN1,3608.30228128369,-0.634924889771734,0.0421618003170249,-15.0592452171771,3.00194698599655e-51,1.81738406594193e-49,chr17,64043988,64043990,down
C11orf70,112.580691782248,0.789145721823271,0.263624546474555,2.99344553599617,0.0027584673750877,0.0105551851223376,chr11,102075902,102075904,up
CPB2-AS1,108.780863515412,0.683963269181849,0.27758697160083,2.46396026887526,0.0137411342386089,0.0419976383614549,chr13,46098398,46101347,up
FKBP5,8269.51831001386,-0.899374787525707,0.0261215407860481,-34.4303881188385,8.852841493198311e-260,3.75166823403945e-257,chr6,35586976,35586978,down
SGK223,100.699983585667,-1.75994953593288,0.298912955630761,-5.8878329051314,3.912924295278081e-09,3.82299469512003e-08,chr8,8318154,8318156,down
MSH5-SAPCD1,198.717722665443,1.12442205454351,0.204965889081563,5.48589845647958,4.11373164223089e-08,3.60144059395049e-07,chr6_GL000256v2_alt,3063728,3064139,up
ARID5B,17615.6750659241,-0.599619389667444,0.0169950971783579,-35.2819041500404,1.11271367781976e-272,5.58870747589397e-270,chr10,62093028,62093030,down
CTBP1-AS,1183.77504234877,-1.48352536082615,0.0786257804929296,-18.8681797690969,2.0835240907622098e-79,2.33509671031622e-77,chr4,1215959,1218591,down
NKILA,778.030424535972,-0.65253004640426,0.0936911899260518,-6.96468949662488,3.2912885005174998e-12,4.40603784358518e-11,chr20,57710183,57712780,down
SPECC1L-ADORA2A,135.712739883559,0.830272146803346,0.249295432464854,3.33047476479698,0.0008669802171387,0.0037574684322846,chr22,24440583,24442360,up
SNRK,13294.923170631,0.543304098634863,0.0196136584823306,27.7002936053113,6.92552872347951e-169,1.6770909824840298e-166,chr3,43348555,43348557,up
SSX2,101.526918153321,0.981717165887614,0.325007858416944,3.02059516551195,0.0025227841572613,0.0097691250590008,chrX,52760401,52760403,up
ADAM7,319.133168070321,-0.675271189199211,0.152461419609792,-4.42912830621343,9.4614724711531e-06,6.0323003376261e-05,chr8,24508546,24508546,down
ZBTB10,21232.3457545886,-0.823631446819895,0.0154607439686273,-53.2724329754891,0.0,0.0,chr8,80519526,80519528,down
PNMA1,1774.00204753838,-0.609475085196705,0.0613448321270239,-9.93523111995307,2.9249686051733704e-23,7.74716782319454e-22,chr14,73712578,73712580,down
STEAP2-AS1,130.663788971437,-0.588163047361985,0.240206115686551,-2.44857648890792,0.0143421974393703,0.0436477871353906,chr7,90211300,90211635,down
GTF2H2C,2230.26536983754,0.653075562040443,0.259160419833176,2.51996644572822,0.0117366021841514,0.0368085250275848,chr5_KI270897v1_alt,584063,584065,up
SLC19A2,10590.2811975368,-0.689760064370236,0.0224366874015535,-30.7425089999016,1.53985989521428e-207,4.856288381163e-205,chr1,169465849,169465851,down
ACPT,91.8942165603843,-0.707898726500272,0.291048163346626,-2.43223911245643,0.015005797358926,0.0453316146100236,chr19,50795156,50795158,down
NFIL3,1197.77246388271,-0.533514622577307,0.0751738701754944,-7.09707537116035,1.27424574694877e-12,1.7578887664671698e-11,chr9,91409346,91409348,down
BTG1,4961.52181143208,-0.608720316091497,0.0349241034189052,-17.4298051059482,4.90127450976403e-68,4.31598594979935e-66,chr12,92144080,92144082,down
ZNF697,1691.93024298142,-0.562313189757427,0.0634259046109793,-8.86567078871569,7.6044853775670305e-19,1.6659842682582602e-17,chr1,119622705,119622707,down
C4orf48,98.6512775067391,-1.07151977038702,0.291249954283813,-3.67903841572061,0.0002341150049048,0.001150302022288,chr4,2043924,2043926,down
ARL2-SNX15,825.112347445345,-7.06468187618552,2.42831482859053,-2.90929404746339,0.0036224597269399,0.0133853341572295,chr11,65039686,65040572,down
ELL2,5061.52271906134,-0.762053513789114,0.03588032480735,-21.2387573936624,4.18822793761477e-100,6.24138011670263e-98,chr5,95888871,95888873,down
ZNF812,238.499571105878,-0.846764090766128,0.177124114431434,-4.78062568433571,1.74750467438552e-06,1.25120965624826e-05,chr19,9690138,9690140,down
KCNJ2,317.068978978154,-0.707140816256451,0.151111570058756,-4.67959413022774,2.87443368567809e-06,1.99898436981952e-05,chr17,70176321,70176323,down
KLK4,656.879512723564,-0.713519129954309,0.10402888975479,-6.85885557018024,6.94143731988275e-12,9.033860987997119e-11,chr19,50910678,50910738,down
IRS2,218.538278722129,-1.2949162392429,0.187278764520584,-6.91437837363867,4.69919380858162e-12,6.22930276032995e-11,chr13,109756304,109756306,down
ZNF670-ZNF695,135.694380629404,0.65931156155662,0.255769047233727,2.57776133854902,0.0099442653747601,0.0318728864918749,chr1,247078594,247078813,up
SMCO3,154.082807712215,0.749460353727304,0.219687867914535,3.41147811593704,0.0006461168755458,0.0028727839177959,chr12,14806003,14806005,up
GMNC,143.226720827952,-0.727663807854048,0.235127571661069,-3.09476171898275,0.001969710695305,0.0078470172558847,chr3,190855295,190855297,down
PLD1,2945.14361152652,0.786296900642768,0.0464440156329564,16.9299938846118,2.70408159738707e-64,2.20903918928711e-62,chr3,171603078,171603080,up
JAG1,25538.6397370921,-0.679776974414756,0.0138804185644118,-48.9738094899852,0.0,0.0,chr20,10639498,10639500,down
FAM174B,1653.16524634932,-0.949425408237415,0.065883997255437,-14.4105617113125,4.44083928148505e-47,2.44805778439914e-45,chr15,92619456,92619458,down
CLDN8,1618.87958081461,-0.576151144084578,0.0650809071264806,-8.85284439820215,8.531657073067411e-19,1.8660935736752802e-17,chr21,30215248,30215250,down
ZMIZ1,3236.16256951102,-0.595176221630571,0.0440875149983461,-13.4998813530973,1.5662818041988e-41,7.58583840954995e-40,chr10,79312747,79312749,down
IRS1,606.868952702328,-0.809012392127379,0.111983364074804,-7.22439800600173,5.03326455362805e-13,7.22286778960318e-12,chr2,226795010,226795012,down
BMS1P18,112.47012224248,-23.6007149023364,4.78521304559315,-4.93200922873663,8.13880705007726e-07,6.0609754204337e-06,chr22,15815575,15815897,down
MAML2,98.528802824458,-0.737463758439549,0.279760091841696,-2.63605775071324,0.0083875455165627,0.0276546328106266,chr11,95978948,95978950,down
CCDC144NL,136.836667642313,-0.734510302448521,0.236867298034072,-3.10093587652132,0.0019291006102527,0.0076942745222462,chr17,20865415,20865417,down
DUSP27,392.262870080606,-1.4444983054754,0.138618866584336,-10.4206472110819,1.99590320465152e-25,5.77109666487832e-24,chr1,167128606,167128608,down
MIR6724-4,206.497185209977,-1.12784851297609,0.194266711763369,-5.8056704761127,6.410893757702181e-09,6.13103880452745e-08,chr22_KI270733v1_random,121581,121672,down
SNAI2,126.437762313526,-3.27279717752223,0.323572296638813,-10.1145778285694,4.76064985267765e-24,1.30159622282584e-22,chr8,48918807,48918809,down
STK17B,2732.65890039747,-0.654844823446813,0.0489274142093344,-13.3840063700297,7.49935579706872e-41,3.56837768294908e-39,chr2,196137447,196137449,down
AKAP5,4409.70256650949,-1.16625124790052,0.0380257603590987,-30.6700309707669,1.42902395066853e-206,4.40431677159453e-204,chr14,64469676,64469678,down
ST6GALNAC1,107.365599716758,-1.47429056781446,0.276153629667552,-5.33866083740881,9.36356194686694e-08,7.83822614576929e-07,chr17,76625330,76625332,down
KCNQ1,184.964563051424,-0.540329891429443,0.202576702547855,-2.66728545105921,0.0076466694489855,0.0254469900362438,chr11_KI270831v1_alt,80166,80168,down
PRR34,195.009693973607,-0.52052563090591,0.195099399952287,-2.66800221340101,0.0076303755410087,0.0253989991928374,chr22,46051827,46051829,down
TRIM36,3205.39794020567,-0.841856567492257,0.0447834726187119,-18.7983762371412,7.786378368572919e-79,8.58464041107458e-77,chr5,115126503,115126505,down
WWTR1,161.249512118977,-1.50054380968637,0.226649878942514,-6.62053655924061,3.5789738418608996e-11,4.37641697650818e-10,chr3,149520805,149520807,down
KCNG3,561.747315455734,-1.55146610589334,0.118581157290054,-13.0835804047552,4.0872496412143503e-39,1.82928027671643e-37,chr2,42443934,42443936,down
C3orf58,849.567903682732,-0.522306613591436,0.0892962207287059,-5.84914579059594,4.941038743740441e-09,4.76567755361765e-08,chr3,143989839,143989841,down
TIPARP,2547.31155617653,-0.75786256039598,0.0504908162432647,-15.0099090643455,6.32343372449487e-51,3.8112037661277794e-49,chr3,156705129,156705131,down
NEDD8-MDP1,383.648875834418,0.550125298116333,0.153188588290751,3.59116370386675,0.0003292047664771,0.0015691901012991,chr14,24214024,24214026,up
NPC1,3721.04683898933,-0.528746396401816,0.0407064903935356,-12.9892405680295,1.40817415404979e-38,6.20008107242506e-37,chr18,23532202,23532204,down
C7orf55-LUC7L2,1597.05965729263,-0.698275778888986,0.245763585165222,-2.84124996963871,0.004493707394245,0.0161642350061953,chr7,139422338,139422340,down
SLC45A3,5980.59176739705,-1.85612056331011,0.0346286498566102,-53.6007199528688,0.0,0.0,chr1,205659234,205659236,down
SOX9,429.604029821391,0.658298001369772,0.127158968985263,5.17696869220498,2.25520042709045e-07,1.79152907045739e-06,chr17,72124385,72124387,up
LRRTM2,255.254196121531,-0.685921602669326,0.170208844387394,-4.02988226104263,5.58047974013964e-05,0.0003094565112929,chr5,138873010,138873012,down
RNU4-1,609.666775837015,0.659556441168658,0.108189813716557,6.09628964605309,1.0855863850063801e-09,1.12895989011285e-08,chr12,120293094,120293237,up
TMEM79,592.796134944671,-0.579004067116317,0.108548623172604,-5.334052613414,9.60446743350179e-08,8.02997428271996e-07,chr1,156291596,156291598,down
CNKSR3,3063.93703884697,0.56351197278688,0.0461513532314251,12.2100855842983,2.74600167722628e-34,1.09525084543722e-32,chr6,154406354,154406356,up
ANKRD29,209.793792693755,-0.651712438784142,0.187451436270156,-3.47670016166155,0.0005076251607287,0.0023131400553235,chr18,23601226,23601228,down
BEND4,2613.94821610238,-0.507147478245055,0.0496289582015338,-10.2187814659664,1.6338169063649998e-24,4.57772542711069e-23,chr4,42117726,42117728,down
TWIST1,540.362142607531,-0.509162692705603,0.113132630502946,-4.50058210829232,6.77676206517311e-06,4.42463506816623e-05,chr7,19116713,19116715,down
NAPEPLD,7283.52877660045,0.500201499325927,0.0279828871893305,17.8752641191595,1.83802788033075e-71,1.70722575925789e-69,chr7_KI270806v1_alt,141298,141300,up
MAF,1188.29173053616,-1.40033769503411,0.0781594542471279,-17.9164210973949,8.77980164887943e-72,8.268256261142629e-70,chr16,79598781,79598783,down
RAB6C-AS1,758.808628132323,-0.750978313814958,0.0954927046555514,-7.86424802317399,3.71321201344016e-15,6.186101733938821e-14,chr2,129980284,129980472,down
DUBR,944.436638155071,-0.739755946543322,0.089258387798386,-8.28780313861661,1.15359303680513e-16,2.16674171358924e-15,chr3,107246008,107248872,down
LBH,110.802240229263,-1.04597996308537,0.267314097448397,-3.91292480669594,9.11849346289722e-05,0.0004841655828126,chr2,30257619,30257621,down
GPC5-AS1,196.514103148327,-0.52537399770622,0.195003585803084,-2.6941760867759,0.0070562875074504,0.023785810312835,chr13,92721534,92721614,down
BAGE4,195.467618550047,-5.01304086770038,1.78374989455024,-2.81039448580563,0.0049480810356108,0.0175335581196549,chr21,10414913,10414915,down
CHKB-CPT1B,425.21140504612,-1.8280333995783,0.449969530109852,-4.06257152374744,4.85350695432295e-05,0.0002718645510432,chr22,50582558,50582999,down
LOC103021295,362.083493937801,-0.584195680634337,0.143421649451799,-4.07327403406188,4.63568265504196e-05,0.0002603084574949,chr17,4271431,4271894,down
ZBTB16,6061.07393188877,-1.63175340935536,0.032566192765584,-50.1057468123753,0.0,0.0,chr11,114250553,114250555,down
C5orf38,222.527016924077,-0.630032785113025,0.18342291663522,-3.43486406535556,0.0005928511338712,0.0026639013341379,chr5,2755029,2755397,down
CDK6,314.979077160101,-0.9282651039701,0.151366934878004,-6.13254872815022,8.64822070181099e-10,9.070264573647241e-09,chr7,92615140,92615142,down
CCDC152,173.310664365831,-2.0615231285159,0.587056221441451,-3.51162810855502,0.0004453707501763,0.0020620255183141,chr5,42799779,42799781,down
DYX1C1-CCPG1,1814.52499034852,14.3180317031828,1.4438923265081,9.91627383865212,3.5371524098062904e-23,9.29599299019053e-22,chr15,55498207,55498584,up
CSGALNACT1,210.052511635325,-0.646361641474981,0.188405480944843,-3.43069446936211,0.0006020382688729,0.0026989226327889,chr8,19405780,19405782,down
SNORA8,279.734353109186,0.556803972106647,0.162121950759324,3.43447614279723,0.0005937003301603,0.0026662957806648,chr11,93732361,93732499,up
FZD5,2618.44354547157,-0.98261945326383,0.0503435763444922,-19.518268756672,7.6796587704734e-85,9.0559871814252e-83,chr2,207766982,207766984,down
ZNF625-ZNF20,96.9334786755599,22.4646151636623,4.78531558188441,4.69448979471818,2.67272952623972e-06,1.8663689549607e-05,chr19,12156556,12156731,up
KCNN2,3150.41050453025,-1.04024708050258,0.0456471434079684,-22.7888757726949,5.911360293048699e-115,9.658308064341381e-113,chr5,114495895,114496500,down
KLK2,1752.50295478938,-1.42255526918314,0.0636672770107042,-22.3435858414986,1.3939233527189e-110,2.22388171602601e-108,chr19,50878404,50880567,down
PPAP2A,14669.0666695078,-0.569035281834723,0.0190800866844821,-29.8235165932197,1.9363648002038297e-195,5.358988378686569e-193,chr5,55534572,55535078,down
RAB6C,2221.23295355242,-0.691870122553869,0.0574331054822251,-12.0465386077372,2.02266734191286e-33,7.81464154520806e-32,chr2,129980878,129980880,down
CAMKK2,14854.428436044,-0.635045252317812,0.0185012768143322,-34.3244014286554,3.3946220339495596e-258,1.39498392128455e-255,chr12,121244124,121244126,down
BAMBI,2550.44417950133,0.561027125220719,0.0504755535591436,11.1148285786177,1.06254502241901e-28,3.50588152044384e-27,chr10,28682399,28682401,up
IGF1R,2535.12870189928,-0.858332910653725,0.0512930431092565,-16.7339050019988,7.42093087250949e-63,5.85088625361054e-61,chr15,98957440,98957442,down
GRHL2,26155.7196228718,-0.603425909361404,0.0144288240515673,-41.8208654568672,0.0,0.0,chr8,101666701,101666703,down
POTEE,565.006714714538,-0.500695711987457,0.111190522184514,-4.50304308452281,6.69872968636575e-06,4.37790232659305e-05,chr2,131264681,131264683,down
PPFIBP2,2577.98744415725,-0.821661963015304,0.050651923265188,-16.2217327605409,3.5406334009558502e-59,2.54045129896097e-57,chr11,7653216,7653218,down
ADM,444.650245349631,0.825461288822149,0.12671711174827,6.51420536211375,7.30754656042608e-11,8.72338370650863e-10,chr11,10306639,10306641,up
ASB14,132.29058659929,0.686334267392331,0.239106438451216,2.87041315925235,0.004099357802617,0.0149118538522771,chr3,57276550,57276552,up
DYX1C1,509.043012815214,-1.46419569451451,0.121901320195716,-12.0113194193771,3.09861414338559e-33,1.1903769517975102e-31,chr15,55430696,55430698,down
HERC3,6268.85499368245,-0.582919778031759,0.0312457196497959,-18.6559882302332,1.1289549393062699e-77,1.19605528989794e-75,chr4,88706958,88706960,down
TCEB3-AS1,125.897324763054,-0.598328816679384,0.246399434952259,-2.42828810380719,0.0151702869703118,0.0457368300587814,chr1,23778199,23778297,down
RNF150,1444.67956760537,-0.54926223615268,0.0693132209638438,-7.92435019632394,2.29342446782004e-15,3.86349431156616e-14,chr4,140868261,140868263,down
BIVM-ERCC5,118.325399756188,-23.6750793975317,4.78518993123857,-4.94757360475424,7.51442927926765e-07,5.60523517360553e-06,chr13,102875901,102875903,down
DUSP4,2003.17950480789,-0.638472470819948,0.0596834506232319,-10.6976467371245,1.04395807606181e-26,3.14602565988316e-25,chr8,29337026,29337028,down
GADD45B,312.501533105657,-0.602943430152052,0.152535784629862,-3.95279987325685,7.72420365562739e-05,0.000415831384573,chr19,2477599,2477601,down
GPR158,3280.94918482194,-0.729489088883275,0.0440575212806388,-16.5576516263036,1.40990513190088e-61,1.09255562821188e-59,chr10,25599272,25599274,down
PMEPA1,3157.75050905164,-1.60514278209502,0.0472087367668012,-34.000968719498,2.15555468911574e-253,8.597493276205459e-251,chr20,57652053,57652055,down
FAM65B,10177.1557003531,-0.502222247217936,0.0240596989201056,-20.8740038221448,9.22722475244104e-97,1.31716205124056e-94,chr6,24840704,24840706,down
GLP1R,94.9429011048231,0.79295379379782,0.290270387637659,2.73177639734872,0.0062993877667612,0.021545018286267,chr6,39086071,39086073,up
LRIG3,10796.5724019094,0.675536500476162,0.0222398099098038,30.375102270023,1.1714874770829499e-202,3.53034259482709e-200,chr12,58872572,58872574,up
TMCC3,518.226522613875,-1.82397057260109,0.125789948941124,-14.5001296840879,1.20921224295056e-47,6.72054394534938e-46,chr12,94571435,94571437,down
SNORA26,267.732083191172,0.585759532913602,0.168349879144824,3.47941760272783,0.0005025048701058,0.0022928898194835,chr4,52713249,52713370,up
PHLDB2,124.777168060149,-1.9166342581409,0.274254447182481,-6.9885257206627,2.7778975473215297e-12,3.7446390297442594e-11,chr3,111974561,111974563,down
MDGA1,186.22950940076,-0.552686229624552,0.211910106829501,-2.60811642206964,0.0091041983980169,0.0295768026608135,chr6,37637368,37637370,down
MSX2,134.6473404102,0.783544290169304,0.240522702800151,3.25767289759896,0.0011232980564394,0.0047548838206316,chr5,174729581,174729583,up
SOCS3,106.670048236735,0.648048976378666,0.267683208538621,2.42095490380812,0.0154797975028,0.0465354763767392,chr17,78358418,78358420,up
EFCAB12,259.495010395179,-1.12100349208444,0.176130844613257,-6.36460635015918,1.95791222458982e-10,2.21814934650481e-09,chr3,129401593,129401595,down
LIMS3-LOC440895,202.661594759242,-1.8439093229431,0.209233810323868,-8.81267382211777,1.2219570375007498e-18,2.65135350168762e-17,chr2,110472597,110473075,down
SGK1,323.318610323253,-2.95346751847105,0.181830332232797,-16.2429858770193,2.5043215605432e-59,1.81610185468055e-57,chr6,134170268,134170270,down
PIK3AP1,2213.3730510803,-0.908987107385342,0.0561550275328687,-16.1871010899833,6.21902327989889e-59,4.4155065287282097e-57,chr10,96595577,96595579,down
POTEF,1183.66992769509,-0.502525653960899,0.0764199835016445,-6.57584091142973,4.83789605585964e-11,5.85251636159792e-10,chr2,130074244,130074246,down
ATE1-AS1,139.724676571948,0.800322854345796,0.239341873932183,3.34384803292952,0.0008262498408935,0.0036036754302529,chr10,121951338,121951965,up
CHRNA3,145.086923781136,-0.712120235201009,0.229117608933646,-3.10809910471457,0.0018829491448338,0.007532352021561,chr15,78596604,78596606,down
LAMA1,159.767046831824,-1.25181604743544,0.22171170329968,-5.64614329692554,1.64087093754314e-08,1.50350343135287e-07,chr18,6942079,6942081,down
DEFB132,525.302681031356,-0.75476880473195,0.12204462783463,-6.18436729353346,6.23520402109368e-10,6.626614555646661e-09,chr20,259304,259306,down
FAR2P2,158.86475544056,-0.664671511250841,0.226044878435955,-2.94044048177434,0.0032774596024738,0.0122811908453018,chr2,130427704,130428546,down
LOC100130872,489.511567326589,-0.510676997688146,0.122358287220911,-4.17362002433187,2.99797606128122e-05,0.0001743377074058,chr4,1208576,1208962,down
WNT7B,758.497869925993,-0.566629556812,0.0984934900489453,-5.75296455157005,8.76918785822593e-09,8.27550149933206e-08,chr22,45922856,45922858,down
FMN1,101.751843642859,-0.973276394854577,0.281494339251147,-3.45753451896675,0.000545142398472,0.0024732941002608,chr15_KI270905v1_alt,4988908,4988910,down
NUDT4P2,13896.1036473094,0.617918889058803,0.150203668175065,4.11387349301356,3.8907471385258e-05,0.00022178403508,chr1,148748556,148752389,up
RNU4-2,1033.81079887875,0.50074141359024,0.0810572677364282,6.17762512324605,6.507299996095501e-10,6.8887974431733905e-09,chr12,120291763,120291903,up
ARHGEF26,15560.012824911,-0.857876131869302,0.0187226934922781,-45.8201237029875,0.0,0.0,chr3_KI270777v1_alt,26570,26572,down
PER1,277.545719070954,-1.18584581863738,0.165593170546809,-7.16120003452779,7.99738499769886e-13,1.1203774582003499e-11,chr17,8141068,8141070,down
PGR,200.187925419418,0.625047653443821,0.190780840981694,3.27626008055912,0.0010519164374004,0.0044816333043003,chr11,101039116,101039118,up
RPLP1,26921.8576494969,-0.536152579422224,0.0138523826069085,-38.7047192267728,0.0,0.0,chr15,69455505,69455507,down
ARL4C,361.967783214507,-0.646943342275299,0.141091553484063,-4.58527336541357,4.53392836687442e-06,3.06198220035777e-05,chr2,234495806,234495808,down
SNX22,1740.83430094801,-1.79956983427242,0.0671039870833556,-26.8176290633375,2.01293512306991e-158,4.54956886732518e-156,chr15,64154506,64154508,down
MTMR9,5135.06433661016,-0.732195583590235,0.0351448205704809,-20.8336697045261,2.14388516047822e-96,2.99723986198404e-94,chr8,11322786,11322788,down
KLF5,346.457282109704,-1.00887423580459,0.146591475145372,-6.88221627351871,5.89284545104282e-12,7.7285181007342e-11,chr13,73075884,73075886,down
SNRNP27,2633.90133779685,0.902176019729843,0.0558233306841543,16.1612717957356,9.45899036149406e-59,6.646288512550309e-57,chr2,69904306,69904308,up
F5,305.992563195983,-1.76082059798763,0.164998403456479,-10.6717432478192,1.38012468504848e-26,4.13153881985484e-25,chr1,169514313,169514315,down
SDC4,12334.67602466,0.559191698790858,0.0203943284427116,27.4189807407313,1.6289494764538999e-165,3.8754708509107497e-163,chr20,45327264,45327266,up
TNK2,1859.35625454816,-0.564125213906644,0.0593383668362867,-9.5069218110275,1.96387709659124e-21,4.83341874897891e-20,chr3,195864181,195864183,down
RNU1-27P,23201.83046681,1.07511012721053,0.125840272014701,8.54345043917997,1.30272401051176e-17,2.59035781620967e-16,chr1_KI270713v1_random,21861,22024,up
FBN1,487.326324890459,-0.752465479920311,0.124003856213492,-6.06808129115616,1.2944738486447501e-09,1.33391792260422e-08,chr15,48410990,48410992,down
CROT,3269.66349097185,-0.608961865019175,0.0441928190954799,-13.7796564573872,3.37876196361986e-43,1.69075243500549e-41,chr7,87398642,87398644,down
MALT1,5163.59035838955,-0.625240328546974,0.0345213147867284,-18.1117182937466,2.5758148767515802e-73,2.49504468168773e-71,chr18,58747840,58747842,down
CCDC141,154.36792991495,-10.6653525834702,1.4565112688522,-7.32253351659613,2.43332513150338e-13,3.5985084087586997e-12,chr2,178834173,178834175,down
NEDD4L,24230.3663151451,-0.52373961931927,0.0149605523207012,-35.0080403511949,1.69753449459933e-268,7.93802251077983e-266,chr18,58396267,58396269,down
LOC100506124,243.748874267425,-0.570589062101973,0.186031301413997,-3.06716696472587,0.002160981146058,0.0085139643584231,chr2,165870797,165871941,down
THBS1,3319.45430222277,-0.669297367533176,0.0436603235258648,-15.3296474575292,4.84609530104254e-53,3.04249529525175e-51,chr15,39595367,39595369,down
LOC100506023,1106.09739718657,-0.530742031453014,0.0841210883014451,-6.30926254248064,2.80368165715759e-10,3.1088084180469403e-09,chr1,173476632,173477155,down
CEBPD,522.425539731792,-0.894017033696114,0.123101861202031,-7.26241687141415,3.80234199524684e-13,5.50892732879726e-12,chr8,47737311,47737313,down
HNRNPUL2,3248.35424783939,1.17479361660355,0.0471913131795555,24.8942768795954,8.58151623281528e-137,1.79036833281859e-134,chr11,62715299,62715301,up
RASSF3,30567.2779585627,-0.654349110221876,0.0126808831827201,-51.601225308466,0.0,0.0,chr12,64694763,64697567,down
GREB1,2202.84098488068,-1.01257823146366,0.0551584496269925,-18.3576267699908,2.86873037139053e-75,2.8816927826983e-73,chr2,11591422,11591424,down
FAM43A,2764.60698405541,-0.698584973360046,0.0499718760583684,-13.9795626752952,2.07760727501633e-44,1.0878159172392498e-42,chr3,194688096,194688098,down
C5orf30,4559.60385610694,0.522051107402591,0.0366751900374884,14.234448597784,5.60029123517673e-46,3.05002206587276e-44,chr5,103276538,103276540,up
C19orf48,3992.56213844254,-0.817140052832581,0.0397556430542656,-20.5540645315988,7.078139617603629e-94,9.410456015129679e-92,chr19,50798095,50798097,down
HNRNPUL2-BSCL2,1829.79918268015,-14.2327475939542,1.44385245228257,-9.85748063900421,6.36257949726494e-23,1.6624844039000001e-21,chr11,62726619,62727384,down
TRIM49D2,103.346350920695,-2.47442434775066,0.310648100173106,-7.9653612765435,1.6474175420025e-15,2.81368127041511e-14,chr11,89932883,89932885,down
